gameweek,team,goals,yellow_cards,red_cards,second_yellow_cards,date_of_match,matches_played,points,goals_for,goals_against,goal_difference,fairplay,index,rank
1,Real_Madrid,3,3.0,1.0,1.0,2017-08-20,1,3,3,0,3,4.0,10,1
1,Barcelona,2,2.0,0.0,0.0,2017-08-20,1,3,2,0,2,2.0,10,2
1,Real_Sociedad,3,1.0,0.0,0.0,2017-08-19,1,3,3,2,1,1.0,10,3
1,Leganes,1,0.0,0.0,0.0,2017-08-18,1,3,1,0,1,0.0,10,4
1,Levante,1,1.0,0.0,0.0,2017-08-21,1,3,1,0,1,1.0,10,5
1,Valencia,1,3.0,0.0,0.0,2017-08-18,1,3,1,0,1,3.0,10,6
1,Eibar,1,3.0,0.0,0.0,2017-08-21,1,3,1,0,1,3.0,10,7
1,Girona,2,2.0,0.0,0.0,2017-08-19,1,1,2,2,0,2.0,10,8
1,Atletico_Madrid,2,4.0,1.0,0.0,2017-08-19,1,1,2,2,0,7.0,10,9
1,Sevilla,1,2.0,1.0,0.0,2017-08-19,1,1,1,1,0,5.0,10,10
1,Espanyol,1,4.0,0.0,0.0,2017-08-19,1,1,1,1,0,4.0,10,11
1,Athletic_Club,0,1.0,0.0,0.0,2017-08-20,1,1,0,0,0,1.0,10,12
1,Getafe,0,5.0,1.0,1.0,2017-08-20,1,1,0,0,0,6.0,10,13
1,Celta_Vigo,2,3.0,0.0,0.0,2017-08-19,1,0,2,3,-1,3.0,10,14
1,Alaves,0,1.0,0.0,0.0,2017-08-18,1,0,0,1,-1,1.0,10,15
1,Malaga,0,2.0,0.0,0.0,2017-08-21,1,0,0,1,-1,2.0,10,16
1,Villarreal,0,3.0,0.0,0.0,2017-08-21,1,0,0,1,-1,3.0,10,17
1,Las_Palmas,0,3.0,1.0,0.0,2017-08-18,1,0,0,1,-1,6.0,10,18
1,Real_Betis,0,1.0,0.0,0.0,2017-08-20,1,0,0,2,-2,1.0,10,19
1,Deportivo_La_Coruna,0,5.0,0.0,0.0,2017-08-20,1,0,0,3,-3,5.0,10,20
2,Real_Sociedad,3,3.0,0.0,0.0,2017-08-25,2,6,6,2,4,3.0,20,1
2,Barcelona,2,5.0,0.0,0.0,2017-08-26,2,6,4,0,4,5.0,20,2
2,Leganes,1,3.0,0.0,0.0,2017-08-27,2,6,2,0,2,3.0,20,3
2,Atletico_Madrid,5,5.0,1.0,0.0,2017-08-26,2,4,7,3,4,8.0,20,4
2,Real_Madrid,2,6.0,1.0,1.0,2017-08-27,2,4,5,2,3,7.0,20,5
2,Girona,1,5.0,0.0,0.0,2017-08-26,2,4,3,2,1,5.0,20,6
2,Valencia,2,8.0,0.0,0.0,2017-08-27,2,4,3,2,1,8.0,20,7
2,Levante,2,3.0,1.0,1.0,2017-08-26,2,4,3,2,1,4.0,20,8
2,Sevilla,1,3.0,1.0,0.0,2017-08-27,2,4,2,1,1,6.0,20,9
2,Athletic_Club,1,2.0,0.0,0.0,2017-08-27,2,4,1,0,1,2.0,20,10
2,Eibar,0,6.0,1.0,1.0,2017-08-27,2,3,1,1,0,7.0,20,11
2,Real_Betis,2,3.0,0.0,0.0,2017-08-25,2,3,2,3,-1,3.0,20,12
2,Espanyol,0,7.0,0.0,0.0,2017-08-27,2,1,1,2,-1,7.0,20,13
2,Getafe,0,5.0,1.0,1.0,2017-08-27,2,1,0,1,-1,6.0,20,14
2,Deportivo_La_Coruna,2,7.0,0.0,0.0,2017-08-26,2,1,2,5,-3,7.0,20,15
2,Celta_Vigo,1,5.0,0.0,0.0,2017-08-25,2,0,3,5,-2,5.0,20,16
2,Malaga,0,5.0,0.0,0.0,2017-08-26,2,0,0,2,-2,5.0,20,17
2,Alaves,0,3.0,0.0,0.0,2017-08-26,2,0,0,3,-3,3.0,20,18
2,Villarreal,0,5.0,0.0,0.0,2017-08-25,2,0,0,4,-4,5.0,20,19
2,Las_Palmas,1,7.0,1.0,0.0,2017-08-26,2,0,1,6,-5,10.0,20,20
3,Barcelona,5,6.0,0.0,0.0,2017-09-09,3,9,9,0,9,6.0,30,1
3,Real_Sociedad,4,6.0,0.0,0.0,2017-09-10,3,9,10,4,6,6.0,30,2
3,Sevilla,3,4.0,1.0,0.0,2017-09-09,3,7,5,1,4,7.0,30,3
3,Athletic_Club,2,6.0,0.0,0.0,2017-09-10,3,7,3,0,3,6.0,30,4
3,Leganes,1,4.0,0.0,0.0,2017-09-08,3,6,3,2,1,4.0,30,5
3,Real_Madrid,1,8.0,2.0,1.0,2017-09-09,3,5,6,3,3,12.0,30,6
3,Valencia,0,9.0,0.0,0.0,2017-09-09,3,5,3,2,1,9.0,30,7
3,Atletico_Madrid,0,5.0,1.0,0.0,2017-09-09,3,5,7,3,4,8.0,30,8
3,Levante,1,6.0,1.0,1.0,2017-09-09,3,5,4,3,1,7.0,30,9
3,Getafe,2,7.0,1.0,1.0,2017-09-08,3,4,2,2,0,8.0,30,10
3,Girona,0,11.0,0.0,0.0,2017-09-10,3,4,3,4,-1,11.0,30,11
3,Villarreal,3,8.0,0.0,0.0,2017-09-10,3,3,3,5,-2,8.0,30,12
3,Real_Betis,1,3.0,0.0,0.0,2017-09-10,3,3,3,6,-3,3.0,30,13
3,Celta_Vigo,1,9.0,0.0,0.0,2017-09-10,3,3,4,5,-1,9.0,30,14
3,Las_Palmas,3,9.0,1.0,0.0,2017-09-11,3,3,4,7,-3,12.0,30,15
3,Eibar,0,7.0,1.0,1.0,2017-09-09,3,3,1,4,-3,8.0,30,16
3,Deportivo_La_Coruna,2,8.0,0.0,0.0,2017-09-10,3,1,4,9,-5,8.0,30,17
3,Espanyol,0,12.0,0.0,0.0,2017-09-09,3,1,1,7,-6,12.0,30,18
3,Malaga,1,9.0,0.0,0.0,2017-09-11,3,0,1,5,-4,9.0,30,19
3,Alaves,0,7.0,0.0,0.0,2017-09-10,3,0,0,4,-4,7.0,30,20
4,Barcelona,2,10.0,0.0,0.0,2017-09-16,4,12,11,1,10,10.0,40,1
4,Sevilla,1,9.0,1.0,0.0,2017-09-17,4,10,6,1,5,12.0,40,2
4,Real_Sociedad,1,9.0,0.0,0.0,2017-09-17,4,9,11,7,4,9.0,40,3
4,Real_Madrid,3,10.0,2.0,1.0,2017-09-17,4,8,9,4,5,14.0,40,4
4,Atletico_Madrid,1,7.0,1.0,0.0,2017-09-16,4,8,8,3,5,10.0,40,5
4,Athletic_Club,0,9.0,0.0,0.0,2017-09-17,4,7,3,1,2,9.0,40,6
4,Levante,1,8.0,1.0,1.0,2017-09-16,4,6,5,4,1,9.0,40,7
4,Valencia,1,10.0,0.0,0.0,2017-09-16,4,6,4,3,1,10.0,40,8
4,Villarreal,3,10.0,0.0,0.0,2017-09-17,4,6,6,5,1,10.0,40,9
4,Eibar,1,9.0,1.0,1.0,2017-09-15,4,6,2,4,-2,10.0,40,10
4,Real_Betis,2,5.0,0.0,0.0,2017-09-16,4,6,5,7,-2,5.0,40,11
4,Leganes,0,9.0,0.0,0.0,2017-09-15,4,6,3,3,0,9.0,40,12
4,Las_Palmas,1,11.0,1.0,0.0,2017-09-17,4,6,5,7,-2,14.0,40,13
4,Getafe,1,9.0,1.0,1.0,2017-09-16,4,4,3,4,-1,10.0,40,14
4,Girona,0,13.0,0.0,0.0,2017-09-17,4,4,3,5,-2,13.0,40,15
4,Espanyol,2,13.0,0.0,0.0,2017-09-18,4,4,3,8,-5,13.0,40,16
4,Celta_Vigo,1,13.0,0.0,0.0,2017-09-18,4,3,5,7,-2,13.0,40,17
4,Deportivo_La_Coruna,1,11.0,0.0,0.0,2017-09-16,4,1,5,11,-6,11.0,40,18
4,Malaga,0,11.0,0.0,0.0,2017-09-16,4,0,1,6,-5,11.0,40,19
4,Alaves,0,9.0,0.0,0.0,2017-09-17,4,0,0,7,-7,9.0,40,20
5,Barcelona,6,10.0,0.0,0.0,2017-09-19,5,15,17,2,15,10.0,50,1
5,Sevilla,1,11.0,1.0,0.0,2017-09-20,5,13,7,1,6,14.0,50,2
5,Atletico_Madrid,2,9.0,1.0,0.0,2017-09-20,5,11,10,4,6,12.0,50,3
5,Levante,3,10.0,1.0,1.0,2017-09-21,5,9,8,4,4,11.0,50,4
5,Valencia,5,10.0,0.0,0.0,2017-09-19,5,9,9,3,6,10.0,50,5
5,Real_Sociedad,0,11.0,1.0,1.0,2017-09-21,5,9,11,10,1,12.0,50,6
5,Real_Betis,1,8.0,0.0,0.0,2017-09-20,5,9,6,7,-1,8.0,50,7
5,Real_Madrid,0,10.0,2.0,1.0,2017-09-20,5,8,9,5,4,14.0,50,8
5,Villarreal,0,15.0,0.0,0.0,2017-09-21,5,7,6,5,1,15.0,50,9
5,Athletic_Club,1,9.0,0.0,0.0,2017-09-20,5,7,4,3,1,9.0,50,10
5,Leganes,0,11.0,0.0,0.0,2017-09-20,5,7,3,3,0,11.0,50,11
5,Las_Palmas,0,13.0,1.0,0.0,2017-09-20,5,6,5,8,-3,16.0,50,12
5,Eibar,1,11.0,1.0,1.0,2017-09-19,5,6,3,10,-7,12.0,50,13
5,Getafe,1,13.0,1.0,1.0,2017-09-21,5,5,4,5,-1,14.0,50,14
5,Girona,0,16.0,0.0,0.0,2017-09-20,5,5,3,5,-2,16.0,50,15
5,Espanyol,0,15.0,0.0,0.0,2017-09-21,5,5,3,8,-5,15.0,50,16
5,Celta_Vigo,1,15.0,0.0,0.0,2017-09-21,5,4,6,8,-2,15.0,50,17
5,Deportivo_La_Coruna,1,11.0,0.0,0.0,2017-09-20,5,4,6,11,-5,11.0,50,18
5,Alaves,0,11.0,0.0,0.0,2017-09-20,5,0,0,8,-8,11.0,50,19
5,Malaga,0,12.0,0.0,0.0,2017-09-19,5,0,1,11,-10,12.0,50,20
6,Barcelona,3,10.0,0.0,0.0,2017-09-23,6,18,20,2,18,10.0,60,1
6,Atletico_Madrid,2,13.0,1.0,0.0,2017-09-23,6,14,12,4,8,16.0,60,2
6,Sevilla,0,14.0,1.0,0.0,2017-09-23,6,13,7,3,4,17.0,60,3
6,Valencia,3,17.0,1.0,1.0,2017-09-24,6,12,12,5,7,18.0,60,4
6,Real_Betis,4,9.0,0.0,0.0,2017-09-25,6,12,10,7,3,9.0,60,5
6,Real_Madrid,2,12.0,2.0,1.0,2017-09-23,6,11,11,6,5,16.0,60,6
6,Leganes,2,14.0,0.0,0.0,2017-09-24,6,10,5,3,2,14.0,60,7
6,Levante,0,10.0,1.0,1.0,2017-09-25,6,9,8,8,0,11.0,60,8
6,Real_Sociedad,2,14.0,2.0,2.0,2017-09-24,6,9,13,13,0,16.0,60,9
6,Getafe,4,14.0,1.0,1.0,2017-09-24,6,8,8,5,3,15.0,60,10
6,Athletic_Club,3,11.0,0.0,0.0,2017-09-23,6,8,7,6,1,11.0,60,11
6,Espanyol,4,16.0,0.0,0.0,2017-09-24,6,8,7,9,-2,16.0,60,12
6,Celta_Vigo,4,16.0,0.0,0.0,2017-09-24,6,7,10,8,2,16.0,60,13
6,Villarreal,0,19.0,0.0,0.0,2017-09-24,6,7,6,9,-3,19.0,60,14
6,Las_Palmas,0,14.0,1.0,0.0,2017-09-24,6,6,5,10,-5,17.0,60,15
6,Eibar,0,13.0,1.0,1.0,2017-09-24,6,6,3,14,-11,14.0,60,16
6,Girona,0,19.0,0.0,0.0,2017-09-23,6,5,3,8,-5,19.0,60,17
6,Deportivo_La_Coruna,1,13.0,0.0,0.0,2017-09-24,6,4,7,15,-8,13.0,60,18
6,Malaga,3,19.0,1.0,1.0,2017-09-23,6,1,4,14,-10,20.0,60,19
6,Alaves,1,16.0,0.0,0.0,2017-09-23,6,0,1,10,-9,16.0,60,20
7,Barcelona,3,15.0,0.0,0.0,2017-10-01,7,21,23,2,21,15.0,70,1
7,Sevilla,2,16.0,1.0,0.0,2017-09-30,7,16,9,3,6,19.0,70,2
7,Valencia,3,20.0,1.0,1.0,2017-10-01,7,15,15,7,8,21.0,70,3
7,Atletico_Madrid,0,14.0,1.0,0.0,2017-09-30,7,15,12,4,8,17.0,70,4
7,Real_Madrid,2,14.0,2.0,1.0,2017-10-01,7,14,13,6,7,18.0,70,5
7,Real_Betis,4,12.0,0.0,0.0,2017-10-01,7,13,14,11,3,12.0,70,6
7,Leganes,0,16.0,0.0,0.0,2017-09-30,7,11,5,3,2,16.0,70,7
7,Real_Sociedad,4,17.0,2.0,2.0,2017-10-01,7,10,17,17,0,19.0,70,8
7,Villarreal,3,21.0,0.0,0.0,2017-10-01,7,10,9,9,0,21.0,70,9
7,Levante,0,12.0,1.0,1.0,2017-09-30,7,9,8,10,-2,13.0,70,10
7,Espanyol,0,18.0,0.0,0.0,2017-10-01,7,8,7,11,-4,18.0,70,11
7,Getafe,1,17.0,1.0,1.0,2017-09-30,7,8,9,7,2,18.0,70,12
7,Celta_Vigo,3,18.0,0.0,0.0,2017-09-29,7,8,13,11,2,18.0,70,13
7,Athletic_Club,2,15.0,0.0,0.0,2017-10-01,7,8,9,9,0,15.0,70,14
7,Deportivo_La_Coruna,2,19.0,0.0,0.0,2017-09-30,7,7,9,16,-7,19.0,70,15
7,Girona,3,24.0,0.0,0.0,2017-09-29,7,6,6,11,-5,24.0,70,16
7,Las_Palmas,0,15.0,1.0,0.0,2017-10-01,7,6,5,13,-8,18.0,70,17
7,Eibar,0,14.0,1.0,1.0,2017-10-01,7,6,3,17,-14,15.0,70,18
7,Alaves,2,20.0,0.0,0.0,2017-09-30,7,3,3,10,-7,20.0,70,19
7,Malaga,0,20.0,1.0,1.0,2017-09-30,7,1,4,16,-12,21.0,70,20
8,Barcelona,1,17.0,0.0,0.0,2017-10-14,8,22,24,3,21,17.0,80,1
8,Valencia,6,24.0,1.0,1.0,2017-10-15,8,18,21,10,11,25.0,80,2
8,Real_Madrid,2,17.0,2.0,1.0,2017-10-14,8,17,15,7,8,21.0,80,3
8,Atletico_Madrid,1,17.0,1.0,0.0,2017-10-14,8,16,13,5,8,20.0,80,4
8,Sevilla,0,21.0,1.0,0.0,2017-10-14,8,16,9,4,5,24.0,80,5
8,Leganes,2,19.0,0.0,0.0,2017-10-15,8,14,7,3,4,19.0,80,6
8,Real_Sociedad,2,18.0,2.0,2.0,2017-10-14,8,13,19,17,2,20.0,80,7
8,Villarreal,2,25.0,0.0,0.0,2017-10-15,8,13,11,10,1,25.0,80,8
8,Real_Betis,3,13.0,0.0,0.0,2017-10-15,8,13,17,17,0,13.0,80,9
8,Celta_Vigo,5,19.0,1.0,0.0,2017-10-16,8,11,18,13,5,22.0,80,10
8,Athletic_Club,1,20.0,0.0,0.0,2017-10-14,8,11,10,9,1,20.0,80,11
8,Levante,0,15.0,1.0,1.0,2017-10-13,8,10,8,10,-2,16.0,80,12
8,Espanyol,0,20.0,0.0,0.0,2017-10-13,8,9,7,11,-4,20.0,80,13
8,Deportivo_La_Coruna,0,21.0,0.0,0.0,2017-10-15,8,8,9,16,-7,21.0,80,14
8,Getafe,1,19.0,1.0,1.0,2017-10-14,8,8,10,9,1,20.0,80,15
8,Eibar,0,16.0,1.0,1.0,2017-10-15,8,7,3,17,-14,17.0,80,16
8,Girona,1,27.0,0.0,0.0,2017-10-15,8,6,7,13,-6,27.0,80,17
8,Las_Palmas,2,17.0,1.0,0.0,2017-10-16,8,6,7,18,-11,20.0,80,18
8,Alaves,0,21.0,0.0,0.0,2017-10-14,8,3,3,12,-9,21.0,80,19
8,Malaga,0,24.0,2.0,2.0,2017-10-15,8,1,4,18,-14,26.0,80,20
9,Barcelona,2,18.0,0.0,0.0,2017-10-21,9,25,26,3,23,18.0,90,1
9,Valencia,4,26.0,1.0,1.0,2017-10-21,9,21,25,10,15,27.0,90,2
9,Real_Madrid,3,18.0,2.0,1.0,2017-10-22,9,20,18,7,11,22.0,90,3
9,Atletico_Madrid,1,22.0,1.0,0.0,2017-10-22,9,19,14,5,9,25.0,90,4
9,Leganes,1,22.0,0.0,0.0,2017-10-22,9,17,8,3,5,22.0,90,5
9,Villarreal,4,26.0,0.0,0.0,2017-10-22,9,16,15,10,5,26.0,90,6
9,Real_Betis,2,15.0,0.0,0.0,2017-10-21,9,16,19,17,2,15.0,90,7
9,Sevilla,0,25.0,1.0,0.0,2017-10-21,9,16,9,8,1,28.0,90,8
9,Real_Sociedad,1,22.0,3.0,3.0,2017-10-23,9,14,20,18,2,25.0,90,9
9,Celta_Vigo,0,22.0,1.0,0.0,2017-10-22,9,11,18,14,4,25.0,90,10
9,Athletic_Club,0,24.0,0.0,0.0,2017-10-22,9,11,10,10,0,24.0,90,11
9,Levante,1,16.0,1.0,1.0,2017-10-21,9,11,9,11,-2,17.0,90,12
9,Espanyol,1,24.0,0.0,0.0,2017-10-23,9,10,8,12,-4,24.0,90,13
9,Getafe,1,22.0,1.0,1.0,2017-10-21,9,9,11,10,1,23.0,90,14
9,Girona,2,35.0,0.0,0.0,2017-10-23,9,9,9,14,-5,35.0,90,15
9,Deportivo_La_Coruna,1,24.0,0.0,0.0,2017-10-23,9,8,10,18,-8,24.0,90,16
9,Eibar,0,17.0,1.0,1.0,2017-10-22,9,7,3,20,-17,18.0,90,17
9,Las_Palmas,0,22.0,1.0,0.0,2017-10-22,9,6,7,22,-15,25.0,90,18
9,Alaves,0,23.0,0.0,0.0,2017-10-21,9,3,3,14,-11,23.0,90,19
9,Malaga,0,28.0,2.0,2.0,2017-10-21,9,1,4,20,-16,30.0,90,20
10,Barcelona,2,22.0,0.0,0.0,2017-10-28,10,28,28,3,25,22.0,100,1
10,Valencia,2,27.0,1.0,1.0,2017-10-28,10,24,27,11,16,28.0,100,2
10,Real_Madrid,1,19.0,2.0,1.0,2017-10-29,10,20,19,9,10,23.0,100,3
10,Atletico_Madrid,1,22.0,1.0,0.0,2017-10-28,10,20,15,6,9,25.0,100,4
10,Sevilla,2,25.0,1.0,0.0,2017-10-28,10,19,11,9,2,28.0,100,5
10,Villarreal,1,30.0,0.0,0.0,2017-10-28,10,17,16,11,5,30.0,100,6
10,Leganes,1,25.0,0.0,0.0,2017-10-28,10,17,9,5,4,25.0,100,7
10,Real_Betis,0,20.0,0.0,0.0,2017-10-30,10,16,19,18,1,20.0,100,8
10,Real_Sociedad,1,24.0,3.0,3.0,2017-10-29,10,14,21,20,1,27.0,100,9
10,Espanyol,1,26.0,0.0,0.0,2017-10-30,10,13,9,12,-3,26.0,100,10
10,Getafe,2,25.0,1.0,1.0,2017-10-29,10,12,13,11,2,26.0,100,11
10,Levante,2,19.0,1.0,1.0,2017-10-29,10,12,11,13,-2,20.0,100,12
10,Girona,2,37.0,0.0,0.0,2017-10-29,10,12,11,15,-4,37.0,100,13
10,Celta_Vigo,1,25.0,1.0,0.0,2017-10-29,10,11,19,16,3,28.0,100,14
10,Athletic_Club,0,25.0,0.0,0.0,2017-10-28,10,11,10,12,-2,25.0,100,15
10,Deportivo_La_Coruna,3,25.0,0.0,0.0,2017-10-30,10,11,13,19,-6,25.0,100,16
10,Eibar,2,18.0,1.0,1.0,2017-10-29,10,8,5,22,-17,19.0,100,17
10,Las_Palmas,1,23.0,1.0,0.0,2017-10-30,10,6,8,25,-17,26.0,100,18
10,Malaga,2,30.0,2.0,2.0,2017-10-29,10,4,6,21,-15,32.0,100,19
10,Alaves,1,28.0,0.0,0.0,2017-10-28,10,3,4,16,-12,28.0,100,20
11,Barcelona,2,23.0,0.0,0.0,2017-11-04,11,31,30,4,26,23.0,110,1
11,Valencia,3,28.0,1.0,1.0,2017-11-04,11,27,30,11,19,29.0,110,2
11,Real_Madrid,3,21.0,2.0,1.0,2017-11-05,11,23,22,9,13,25.0,110,3
11,Atletico_Madrid,1,24.0,1.0,0.0,2017-11-04,11,23,16,6,10,27.0,110,4
11,Villarreal,2,32.0,0.0,0.0,2017-11-05,11,20,18,11,7,32.0,110,5
11,Sevilla,1,25.0,1.0,0.0,2017-11-04,11,19,12,11,1,28.0,110,6
11,Real_Sociedad,3,24.0,3.0,3.0,2017-11-05,11,17,24,21,3,27.0,110,7
11,Real_Betis,2,22.0,0.0,0.0,2017-11-03,11,17,21,20,1,22.0,110,8
11,Leganes,0,27.0,0.0,0.0,2017-11-04,11,17,9,8,1,27.0,110,9
11,Girona,2,41.0,0.0,0.0,2017-11-05,11,15,13,16,-3,41.0,110,10
11,Celta_Vigo,3,27.0,1.0,0.0,2017-11-05,11,14,22,17,5,30.0,110,11
11,Getafe,2,31.0,1.0,1.0,2017-11-03,11,13,15,13,2,32.0,110,12
11,Espanyol,0,28.0,1.0,1.0,2017-11-04,11,13,9,13,-4,29.0,110,13
11,Levante,1,22.0,1.0,1.0,2017-11-05,11,12,12,15,-3,23.0,110,14
11,Athletic_Club,1,28.0,0.0,0.0,2017-11-05,11,11,11,15,-4,28.0,110,15
11,Deportivo_La_Coruna,0,29.0,0.0,0.0,2017-11-04,11,11,13,20,-7,29.0,110,16
11,Eibar,1,21.0,1.0,1.0,2017-11-05,11,8,6,25,-19,22.0,110,17
11,Alaves,1,35.0,0.0,0.0,2017-11-04,11,6,5,16,-11,35.0,110,18
11,Las_Palmas,0,24.0,1.0,0.0,2017-11-05,11,6,8,28,-20,27.0,110,19
11,Malaga,0,35.0,2.0,2.0,2017-11-05,11,4,6,23,-17,37.0,110,20
12,Barcelona,3,25.0,0.0,0.0,2017-11-18,12,34,33,4,29,25.0,120,1
12,Valencia,2,32.0,1.0,1.0,2017-11-19,12,30,32,11,21,33.0,120,2
12,Real_Madrid,0,23.0,2.0,1.0,2017-11-18,12,24,22,9,13,27.0,120,3
12,Atletico_Madrid,0,30.0,1.0,0.0,2017-11-18,12,24,16,6,10,33.0,120,4
12,Sevilla,2,28.0,1.0,0.0,2017-11-18,12,22,14,12,2,31.0,120,5
12,Villarreal,1,35.0,0.0,0.0,2017-11-19,12,21,19,12,7,35.0,120,6
12,Real_Sociedad,1,26.0,3.0,3.0,2017-11-17,12,18,25,22,3,29.0,120,7
12,Leganes,0,28.0,0.0,0.0,2017-11-18,12,17,9,11,-2,28.0,120,8
12,Real_Betis,0,24.0,1.0,0.0,2017-11-20,12,17,21,25,-4,27.0,120,9
12,Getafe,4,34.0,1.0,1.0,2017-11-18,12,16,19,14,5,35.0,120,10
12,Girona,1,45.0,0.0,0.0,2017-11-17,12,16,14,17,-3,45.0,120,11
12,Levante,2,26.0,1.0,1.0,2017-11-19,12,15,14,15,-1,27.0,120,12
12,Celta_Vigo,1,29.0,1.0,0.0,2017-11-18,12,14,23,19,4,32.0,120,13
12,Espanyol,0,28.0,1.0,1.0,2017-11-19,12,13,9,15,-6,29.0,120,14
12,Athletic_Club,1,29.0,0.0,0.0,2017-11-19,12,12,12,16,-4,29.0,120,15
12,Deportivo_La_Coruna,2,33.0,0.0,0.0,2017-11-19,12,11,15,23,-8,33.0,120,16
12,Eibar,5,23.0,1.0,1.0,2017-11-20,12,11,11,25,-14,24.0,120,17
12,Malaga,3,39.0,2.0,2.0,2017-11-19,12,7,9,25,-16,41.0,120,18
12,Alaves,1,38.0,0.0,0.0,2017-11-18,12,6,6,20,-14,38.0,120,19
12,Las_Palmas,0,25.0,1.0,0.0,2017-11-19,12,6,8,30,-22,28.0,120,20
13,Barcelona,1,25.0,0.0,0.0,2017-11-26,13,35,34,5,29,25.0,130,1
13,Valencia,1,36.0,1.0,1.0,2017-11-26,13,31,33,12,21,37.0,130,2
13,Atletico_Madrid,5,31.0,1.0,0.0,2017-11-25,13,27,21,6,15,34.0,130,3
13,Real_Madrid,3,24.0,2.0,1.0,2017-11-25,13,27,25,11,14,28.0,130,4
13,Sevilla,3,31.0,1.0,0.0,2017-11-26,13,25,17,14,3,34.0,130,5
13,Villarreal,2,39.0,1.0,1.0,2017-11-26,13,21,21,15,6,40.0,130,6
13,Real_Sociedad,2,30.0,4.0,4.0,2017-11-26,13,19,27,24,3,34.0,130,7
13,Real_Betis,2,26.0,1.0,0.0,2017-11-25,13,18,23,27,-4,29.0,130,8
13,Celta_Vigo,1,31.0,1.0,0.0,2017-11-24,13,17,24,19,5,34.0,130,9
13,Girona,2,46.0,0.0,0.0,2017-11-25,13,17,16,19,-3,46.0,130,10
13,Leganes,0,31.0,0.0,0.0,2017-11-24,13,17,9,12,-3,31.0,130,11
13,Espanyol,1,31.0,1.0,1.0,2017-11-27,13,16,10,15,-5,32.0,130,12
13,Getafe,0,40.0,1.0,1.0,2017-11-27,13,16,19,15,4,41.0,130,13
13,Levante,0,28.0,1.0,1.0,2017-11-25,13,15,14,20,-6,29.0,130,14
13,Eibar,2,26.0,2.0,1.0,2017-11-25,13,14,13,26,-13,30.0,130,15
13,Athletic_Club,2,30.0,0.0,0.0,2017-11-26,13,13,14,18,-4,30.0,130,16
13,Deportivo_La_Coruna,2,37.0,0.0,0.0,2017-11-26,13,12,17,25,-8,37.0,130,17
13,Las_Palmas,2,28.0,1.0,0.0,2017-11-26,13,7,10,32,-22,31.0,130,18
13,Malaga,2,41.0,2.0,2.0,2017-11-25,13,7,11,28,-17,43.0,130,19
13,Alaves,1,44.0,1.0,1.0,2017-11-25,13,6,7,22,-15,45.0,130,20
14,Barcelona,2,28.0,0.0,0.0,2017-12-02,14,36,36,7,29,28.0,140,1
14,Valencia,0,40.0,1.0,1.0,2017-12-03,14,31,33,13,20,41.0,140,2
14,Atletico_Madrid,2,32.0,1.0,0.0,2017-12-02,14,30,23,7,16,35.0,140,3
14,Real_Madrid,0,29.0,3.0,2.0,2017-12-02,14,28,25,11,14,34.0,140,4
14,Sevilla,2,32.0,1.0,0.0,2017-12-02,14,28,19,14,5,35.0,140,5
14,Villarreal,1,43.0,1.0,1.0,2017-12-03,14,21,22,18,4,44.0,140,6
14,Leganes,3,33.0,0.0,0.0,2017-12-03,14,20,12,13,-1,33.0,140,7
14,Getafe,1,48.0,2.0,2.0,2017-12-03,14,19,20,15,5,50.0,140,8
14,Real_Sociedad,1,32.0,4.0,4.0,2017-12-02,14,19,28,26,2,36.0,140,9
14,Real_Betis,0,33.0,2.0,1.0,2017-12-03,14,18,23,28,-5,37.0,140,10
14,Celta_Vigo,2,37.0,1.0,0.0,2017-12-02,14,18,26,21,5,40.0,140,11
14,Girona,2,47.0,0.0,0.0,2017-12-04,14,17,18,22,-4,47.0,140,12
14,Eibar,3,29.0,2.0,1.0,2017-12-03,14,17,16,27,-11,33.0,140,13
14,Levante,0,31.0,1.0,1.0,2017-12-01,14,16,14,20,-6,32.0,140,14
14,Espanyol,1,34.0,1.0,1.0,2017-12-03,14,16,11,18,-7,35.0,140,15
14,Athletic_Club,0,32.0,0.0,0.0,2017-12-02,14,14,14,18,-4,32.0,140,16
14,Deportivo_La_Coruna,0,40.0,0.0,0.0,2017-12-02,14,12,17,27,-10,40.0,140,17
14,Las_Palmas,1,29.0,1.0,0.0,2017-12-03,14,10,11,32,-21,32.0,140,18
14,Alaves,3,46.0,1.0,1.0,2017-12-04,14,9,10,24,-14,47.0,140,19
14,Malaga,0,42.0,2.0,2.0,2017-12-01,14,8,11,28,-17,44.0,140,20
15,Barcelona,2,29.0,0.0,0.0,2017-12-10,15,39,38,7,31,29.0,150,1
15,Valencia,2,42.0,1.0,1.0,2017-12-09,15,34,35,14,21,43.0,150,2
15,Atletico_Madrid,1,35.0,1.0,0.0,2017-12-10,15,33,24,7,17,38.0,150,3
15,Real_Madrid,5,29.0,3.0,2.0,2017-12-09,15,31,30,11,19,34.0,150,4
15,Sevilla,0,34.0,1.0,0.0,2017-12-09,15,28,19,19,0,37.0,150,5
15,Villarreal,0,45.0,2.0,1.0,2017-12-10,15,21,22,20,2,49.0,150,6
15,Getafe,0,49.0,2.0,2.0,2017-12-09,15,20,20,15,5,51.0,150,7
15,Leganes,0,37.0,0.0,0.0,2017-12-09,15,20,12,14,-2,37.0,150,8
15,Girona,1,50.0,0.0,0.0,2017-12-11,15,20,19,22,-3,50.0,150,9
15,Real_Sociedad,0,33.0,4.0,4.0,2017-12-10,15,19,28,28,0,37.0,150,10
15,Celta_Vigo,1,41.0,1.0,0.0,2017-12-09,15,18,27,23,4,44.0,150,11
15,Eibar,0,33.0,2.0,1.0,2017-12-09,15,18,16,27,-11,37.0,150,12
15,Real_Betis,0,37.0,2.0,1.0,2017-12-10,15,18,23,29,-6,41.0,150,13
15,Athletic_Club,2,35.0,0.0,0.0,2017-12-10,15,17,16,19,-3,35.0,150,14
15,Levante,1,34.0,1.0,1.0,2017-12-10,15,16,15,22,-7,35.0,150,15
15,Espanyol,0,35.0,1.0,1.0,2017-12-11,15,16,11,19,-8,36.0,150,16
15,Deportivo_La_Coruna,1,44.0,0.0,0.0,2017-12-09,15,15,18,27,-9,44.0,150,17
15,Alaves,2,48.0,1.0,1.0,2017-12-08,15,12,12,24,-12,49.0,150,18
15,Malaga,2,43.0,2.0,2.0,2017-12-10,15,11,13,28,-15,45.0,150,19
15,Las_Palmas,0,29.0,1.0,0.0,2017-12-08,15,10,11,34,-23,32.0,150,20
16,Barcelona,4,29.0,0.0,0.0,2017-12-17,16,42,42,7,35,29.0,159,1
16,Atletico_Madrid,1,38.0,1.0,0.0,2017-12-16,16,36,25,7,18,41.0,159,2
16,Valencia,1,46.0,1.0,1.0,2017-12-16,16,34,36,16,20,47.0,159,3
16,Sevilla,0,36.0,1.0,0.0,2017-12-15,16,29,19,19,0,39.0,159,4
16,Villarreal,1,48.0,2.0,1.0,2017-12-17,16,24,23,20,3,52.0,159,5
16,Girona,1,52.0,0.0,0.0,2017-12-17,16,23,20,22,-2,52.0,159,6
16,Eibar,2,34.0,2.0,1.0,2017-12-16,16,21,18,28,-10,38.0,159,7
16,Real_Betis,2,39.0,2.0,1.0,2017-12-18,16,21,25,29,-4,43.0,159,8
16,Getafe,0,55.0,2.0,2.0,2017-12-17,16,20,20,16,4,57.0,159,9
16,Real_Sociedad,0,33.0,4.0,4.0,2017-12-16,16,20,28,28,0,37.0,159,10
16,Celta_Vigo,0,42.0,1.0,0.0,2017-12-17,16,18,27,24,3,45.0,159,11
16,Athletic_Club,0,38.0,0.0,0.0,2017-12-16,16,18,16,19,-3,38.0,159,12
16,Levante,0,37.0,1.0,1.0,2017-12-15,16,17,15,22,-7,38.0,159,13
16,Espanyol,2,38.0,1.0,1.0,2017-12-17,16,17,13,21,-8,39.0,159,14
16,Deportivo_La_Coruna,0,45.0,0.0,0.0,2017-12-17,16,15,18,31,-13,45.0,159,15
16,Alaves,0,52.0,1.0,1.0,2017-12-16,16,12,12,25,-13,53.0,159,16
16,Las_Palmas,2,32.0,1.0,0.0,2017-12-17,16,11,13,36,-23,35.0,159,17
16,Malaga,0,45.0,3.0,2.0,2017-12-18,16,11,13,30,-17,50.0,159,18
17,Barcelona,3,31.0,0.0,0.0,2017-12-23,17,45,45,7,38,31.0,169,1
17,Atletico_Madrid,0,43.0,1.0,0.0,2017-12-22,17,36,25,8,17,46.0,169,2
17,Valencia,0,53.0,2.0,2.0,2017-12-23,17,34,36,17,19,55.0,169,3
17,Real_Madrid,0,31.0,4.0,2.0,2017-12-23,16,31,30,14,16,39.0,169,4
17,Sevilla,1,41.0,1.0,0.0,2017-12-20,17,29,20,22,-2,44.0,169,5
17,Villarreal,1,53.0,3.0,2.0,2017-12-23,17,27,24,20,4,58.0,169,6
17,Eibar,4,35.0,2.0,1.0,2017-12-21,17,24,22,29,-7,39.0,169,7
17,Girona,1,54.0,0.0,0.0,2017-12-21,17,23,21,26,-5,54.0,169,8
17,Getafe,2,58.0,2.0,2.0,2017-12-20,17,23,22,16,6,60.0,169,9
17,Real_Sociedad,3,34.0,4.0,4.0,2017-12-20,17,23,31,29,2,38.0,169,10
17,Celta_Vigo,3,44.0,1.0,0.0,2017-12-23,17,21,30,25,5,47.0,169,11
17,Athletic_Club,2,40.0,0.0,0.0,2017-12-22,17,21,18,19,-1,40.0,169,12
17,Real_Betis,0,40.0,3.0,1.0,2017-12-22,17,21,25,31,-6,47.0,169,13
17,Leganes,0,43.0,1.0,1.0,2017-12-19,16,21,12,14,-2,44.0,169,14
17,Espanyol,1,40.0,1.0,1.0,2017-12-22,17,20,14,21,-7,41.0,169,15
17,Levante,0,43.0,2.0,2.0,2017-12-19,17,18,15,22,-7,45.0,169,16
17,Deportivo_La_Coruna,1,47.0,0.0,0.0,2017-12-23,17,15,19,34,-15,47.0,169,17
17,Alaves,1,55.0,1.0,1.0,2017-12-21,17,15,13,25,-12,56.0,169,18
17,Las_Palmas,0,33.0,1.0,0.0,2017-12-20,17,11,13,38,-25,36.0,169,19
17,Malaga,0,49.0,3.0,2.0,2017-12-21,17,11,13,31,-18,54.0,169,20
18,Barcelona,3,31.0,0.0,0.0,2018-01-07,18,48,48,7,41,31.0,179,1
18,Atletico_Madrid,2,50.0,2.0,1.0,2018-01-06,18,39,27,8,19,54.0,179,2
18,Valencia,2,58.0,2.0,2.0,2018-01-06,18,37,38,18,20,60.0,179,3
18,Real_Madrid,2,33.0,4.0,2.0,2018-01-07,17,32,32,16,16,41.0,179,4
18,Sevilla,3,44.0,1.0,0.0,2018-01-06,18,29,23,27,-4,47.0,179,5
18,Villarreal,1,57.0,3.0,2.0,2018-01-07,18,28,25,21,4,62.0,179,6
18,Eibar,2,38.0,2.0,1.0,2018-01-06,18,27,24,30,-6,42.0,179,7
18,Leganes,1,43.0,1.0,1.0,2018-01-07,17,24,13,14,-1,44.0,179,8
18,Athletic_Club,2,42.0,0.0,0.0,2018-01-07,18,24,20,19,1,42.0,179,9
18,Real_Betis,5,46.0,3.0,1.0,2018-01-06,18,24,30,34,-4,53.0,179,10
18,Girona,1,58.0,0.0,0.0,2018-01-06,18,23,22,28,-6,58.0,179,11
18,Espanyol,1,43.0,1.0,1.0,2018-01-08,18,23,15,21,-6,44.0,179,12
18,Getafe,0,61.0,2.0,2.0,2018-01-06,18,23,22,18,4,63.0,179,13
18,Real_Sociedad,0,35.0,4.0,4.0,2018-01-07,18,23,31,30,1,39.0,179,14
18,Celta_Vigo,2,46.0,1.0,0.0,2018-01-07,18,22,32,27,5,49.0,179,15
18,Levante,0,47.0,2.0,2.0,2018-01-07,18,18,15,25,-10,49.0,179,16
18,Deportivo_La_Coruna,1,50.0,0.0,0.0,2018-01-07,18,16,20,35,-15,50.0,179,17
18,Alaves,0,59.0,1.0,1.0,2018-01-07,18,15,13,27,-14,60.0,179,18
18,Las_Palmas,1,36.0,1.0,0.0,2018-01-06,18,11,14,40,-26,39.0,179,19
18,Malaga,0,51.0,3.0,2.0,2018-01-08,18,11,13,32,-19,56.0,179,20
19,Barcelona,4,33.0,0.0,0.0,2018-01-14,19,51,52,9,43,33.0,189,1
19,Atletico_Madrid,1,51.0,2.0,1.0,2018-01-13,19,42,28,8,20,55.0,189,2
19,Valencia,2,60.0,2.0,2.0,2018-01-13,19,40,40,19,21,62.0,189,3
19,Real_Madrid,0,35.0,4.0,2.0,2018-01-13,18,32,32,17,15,43.0,189,4
19,Villarreal,1,58.0,3.0,2.0,2018-01-13,19,31,26,21,5,63.0,189,5
19,Sevilla,0,46.0,1.0,0.0,2018-01-14,19,29,23,28,-5,49.0,189,6
19,Eibar,0,40.0,2.0,1.0,2018-01-13,19,27,24,31,-7,44.0,189,7
19,Real_Betis,3,48.0,3.0,1.0,2018-01-15,19,27,33,36,-3,55.0,189,8
19,Girona,6,60.0,0.0,0.0,2018-01-13,19,26,28,28,0,60.0,189,9
19,Getafe,1,64.0,2.0,2.0,2018-01-12,19,26,23,18,5,66.0,189,10
19,Celta_Vigo,1,49.0,1.0,0.0,2018-01-14,19,25,33,27,6,52.0,189,11
19,Athletic_Club,1,46.0,0.0,0.0,2018-01-14,19,25,21,20,1,46.0,189,12
19,Leganes,2,46.0,1.0,1.0,2018-01-15,18,24,15,17,-2,47.0,189,13
19,Espanyol,1,45.0,1.0,1.0,2018-01-14,19,24,16,22,-6,46.0,189,14
19,Real_Sociedad,2,37.0,4.0,4.0,2018-01-14,19,23,33,34,-1,41.0,189,15
19,Alaves,1,64.0,2.0,2.0,2018-01-14,19,18,14,27,-13,66.0,189,16
19,Levante,0,51.0,2.0,2.0,2018-01-14,19,18,15,26,-11,53.0,189,17
19,Deportivo_La_Coruna,1,51.0,0.0,0.0,2018-01-13,19,16,21,37,-16,51.0,189,18
19,Las_Palmas,0,41.0,1.0,0.0,2018-01-13,19,11,14,46,-32,44.0,189,19
19,Malaga,0,52.0,3.0,2.0,2018-01-12,19,11,13,33,-20,57.0,189,20
20,Barcelona,5,35.0,0.0,0.0,2018-01-21,20,54,57,9,48,35.0,199,1
20,Atletico_Madrid,1,55.0,2.0,1.0,2018-01-20,20,43,29,9,20,59.0,199,2
20,Valencia,1,69.0,4.0,4.0,2018-01-20,20,40,41,21,20,73.0,199,3
20,Real_Madrid,7,35.0,4.0,2.0,2018-01-21,19,35,39,18,21,43.0,199,4
20,Villarreal,2,60.0,3.0,2.0,2018-01-20,20,34,28,22,6,65.0,199,5
20,Sevilla,3,48.0,1.0,0.0,2018-01-20,20,32,26,28,-2,51.0,199,6
20,Celta_Vigo,2,51.0,1.0,0.0,2018-01-21,20,28,35,28,7,54.0,199,7
20,Eibar,1,41.0,2.0,1.0,2018-01-22,20,28,25,32,-7,45.0,199,8
20,Girona,1,63.0,0.0,0.0,2018-01-20,20,27,29,29,0,63.0,199,9
20,Real_Betis,0,50.0,3.0,1.0,2018-01-21,20,27,33,41,-8,57.0,199,10
20,Getafe,2,69.0,2.0,2.0,2018-01-19,20,27,25,20,5,71.0,199,11
20,Athletic_Club,2,47.0,0.0,0.0,2018-01-19,20,26,23,22,1,47.0,199,12
20,Leganes,2,49.0,1.0,1.0,2018-01-21,19,25,17,19,-2,50.0,199,13
20,Espanyol,0,49.0,1.0,1.0,2018-01-20,20,24,16,25,-9,50.0,199,14
20,Real_Sociedad,1,38.0,4.0,4.0,2018-01-21,20,23,34,36,-2,42.0,199,15
20,Alaves,2,67.0,3.0,3.0,2018-01-21,20,19,16,29,-13,70.0,199,16
20,Levante,1,53.0,2.0,2.0,2018-01-20,20,18,16,28,-12,55.0,199,17
20,Deportivo_La_Coruna,1,53.0,0.0,0.0,2018-01-21,20,16,22,44,-22,53.0,199,18
20,Las_Palmas,2,43.0,1.0,0.0,2018-01-20,20,14,16,47,-31,46.0,199,19
20,Malaga,1,55.0,4.0,3.0,2018-01-22,20,12,14,34,-20,61.0,199,20
21,Barcelona,2,35.0,0.0,0.0,2018-01-28,21,57,59,10,49,35.0,209,1
21,Atletico_Madrid,3,56.0,2.0,1.0,2018-01-28,21,46,32,9,23,60.0,209,2
21,Valencia,1,71.0,4.0,4.0,2018-01-27,21,40,42,25,17,75.0,209,3
21,Real_Madrid,4,38.0,4.0,2.0,2018-01-27,20,38,43,19,24,46.0,209,4
21,Villarreal,4,61.0,3.0,2.0,2018-01-27,21,37,32,24,8,66.0,209,5
21,Sevilla,1,51.0,1.0,0.0,2018-01-28,21,33,27,29,-2,54.0,209,6
21,Celta_Vigo,3,52.0,1.0,0.0,2018-01-29,21,31,38,30,8,55.0,209,7
21,Eibar,1,41.0,2.0,1.0,2018-01-26,21,29,26,33,-7,45.0,209,8
21,Girona,0,64.0,0.0,0.0,2018-01-27,21,28,29,29,0,64.0,209,9
21,Getafe,1,72.0,2.0,2.0,2018-01-28,21,28,26,21,5,74.0,209,10
21,Leganes,3,51.0,1.0,1.0,2018-01-28,20,28,20,21,-1,52.0,209,11
21,Athletic_Club,1,47.0,0.0,0.0,2018-01-26,21,27,24,23,1,47.0,209,12
21,Real_Betis,2,55.0,3.0,1.0,2018-01-29,21,27,35,44,-9,62.0,209,13
21,Espanyol,2,53.0,1.0,1.0,2018-01-28,21,24,18,28,-10,54.0,209,14
21,Real_Sociedad,2,39.0,4.0,4.0,2018-01-27,21,23,36,40,-4,43.0,209,15
21,Alaves,1,69.0,3.0,3.0,2018-01-28,21,19,17,31,-14,72.0,209,16
21,Levante,2,58.0,2.0,2.0,2018-01-27,21,19,18,30,-12,60.0,209,17
21,Deportivo_La_Coruna,2,60.0,1.0,1.0,2018-01-27,21,17,24,46,-22,61.0,209,18
21,Las_Palmas,0,45.0,1.0,0.0,2018-01-28,21,14,16,50,-34,48.0,209,19
21,Malaga,0,57.0,5.0,4.0,2018-01-27,21,13,14,34,-20,64.0,209,20
22,Barcelona,1,38.0,0.0,0.0,2018-02-04,22,58,60,11,49,38.0,219,1
22,Atletico_Madrid,1,57.0,2.0,1.0,2018-02-04,22,49,33,9,24,61.0,219,2
22,Valencia,0,72.0,4.0,4.0,2018-02-04,22,40,42,26,16,76.0,219,3
22,Real_Madrid,2,41.0,4.0,2.0,2018-02-03,21,39,45,21,24,49.0,219,4
22,Villarreal,1,63.0,4.0,2.0,2018-02-03,22,37,33,26,7,71.0,219,5
22,Sevilla,1,54.0,1.0,0.0,2018-02-03,22,33,28,34,-6,57.0,219,6
22,Eibar,5,41.0,2.0,1.0,2018-02-03,22,32,31,34,-3,45.0,219,7
22,Celta_Vigo,1,54.0,1.0,0.0,2018-02-03,22,31,39,32,7,57.0,219,8
22,Girona,2,65.0,0.0,0.0,2018-02-04,22,31,31,29,2,65.0,219,9
22,Real_Betis,2,56.0,3.0,1.0,2018-02-03,22,30,37,45,-8,63.0,219,10
22,Getafe,0,74.0,2.0,2.0,2018-02-04,22,29,26,21,5,76.0,219,11
22,Leganes,0,57.0,1.0,1.0,2018-02-04,21,29,20,21,-1,58.0,219,12
22,Athletic_Club,0,48.0,0.0,0.0,2018-02-04,22,27,24,25,-1,48.0,219,13
22,Real_Sociedad,5,39.0,4.0,4.0,2018-02-02,22,26,41,40,1,43.0,219,14
22,Espanyol,1,57.0,1.0,1.0,2018-02-04,22,25,19,29,-10,58.0,219,15
22,Alaves,2,72.0,3.0,3.0,2018-02-03,22,22,19,32,-13,75.0,219,16
22,Levante,2,61.0,2.0,2.0,2018-02-03,22,20,20,32,-12,63.0,219,17
22,Deportivo_La_Coruna,0,61.0,1.0,1.0,2018-02-02,22,17,24,51,-27,62.0,219,18
22,Las_Palmas,1,47.0,1.0,0.0,2018-02-05,22,17,17,50,-33,50.0,219,19
22,Malaga,0,60.0,5.0,4.0,2018-02-05,22,13,14,35,-21,67.0,219,20
23,Barcelona,0,40.0,0.0,0.0,2018-02-11,23,59,60,11,49,40.0,229,1
23,Atletico_Madrid,1,59.0,2.0,1.0,2018-02-10,23,52,34,9,25,63.0,229,2
23,Valencia,3,75.0,4.0,4.0,2018-02-11,23,43,45,27,18,79.0,229,3
23,Real_Madrid,5,43.0,4.0,2.0,2018-02-10,22,42,50,23,27,51.0,229,4
23,Villarreal,1,67.0,4.0,2.0,2018-02-10,23,37,34,28,6,75.0,229,5
23,Sevilla,1,56.0,1.0,0.0,2018-02-11,23,36,29,34,-5,59.0,229,6
23,Eibar,1,43.0,2.0,1.0,2018-02-10,23,35,32,34,-2,47.0,229,7
23,Real_Betis,1,56.0,3.0,1.0,2018-02-12,23,33,38,45,-7,63.0,229,8
23,Celta_Vigo,2,57.0,1.0,0.0,2018-02-11,23,32,41,34,7,60.0,229,9
23,Girona,0,67.0,0.0,0.0,2018-02-11,23,31,31,30,1,67.0,229,10
23,Getafe,0,77.0,2.0,2.0,2018-02-11,23,30,26,21,5,79.0,229,11
23,Leganes,0,61.0,2.0,2.0,2018-02-10,22,29,20,22,-2,63.0,229,12
23,Athletic_Club,0,52.0,0.0,0.0,2018-02-09,23,28,24,25,-1,52.0,229,13
23,Real_Sociedad,2,40.0,4.0,4.0,2018-02-10,23,26,43,45,-2,44.0,229,14
23,Espanyol,2,61.0,1.0,1.0,2018-02-11,23,26,21,31,-10,62.0,229,15
23,Alaves,2,76.0,3.0,3.0,2018-02-10,23,25,21,33,-12,79.0,229,16
23,Levante,1,65.0,2.0,2.0,2018-02-11,23,20,21,35,-14,67.0,229,17
23,Las_Palmas,0,51.0,1.0,0.0,2018-02-09,23,18,17,50,-33,54.0,229,18
23,Deportivo_La_Coruna,0,63.0,1.0,1.0,2018-02-12,23,17,24,52,-28,64.0,229,19
23,Malaga,0,63.0,5.0,4.0,2018-02-10,23,13,14,36,-22,70.0,229,20
24,Barcelona,2,41.0,0.0,0.0,2018-02-17,24,62,62,11,51,41.0,239,1
24,Atletico_Madrid,2,62.0,2.0,1.0,2018-02-18,24,55,36,9,27,66.0,239,2
24,Valencia,2,79.0,4.0,4.0,2018-02-17,24,46,47,28,19,83.0,239,3
24,Real_Madrid,5,48.0,4.0,2.0,2018-02-18,23,45,55,26,29,56.0,239,4
24,Sevilla,2,59.0,1.0,0.0,2018-02-17,24,39,31,35,-4,62.0,239,5
24,Villarreal,1,74.0,4.0,2.0,2018-02-18,24,38,35,29,6,82.0,239,6
24,Eibar,0,46.0,3.0,2.0,2018-02-17,24,35,32,36,-4,51.0,239,7
24,Girona,3,70.0,0.0,0.0,2018-02-16,24,34,34,30,4,70.0,239,8
24,Getafe,3,81.0,2.0,2.0,2018-02-19,24,33,29,21,8,83.0,239,9
24,Real_Betis,3,59.0,3.0,1.0,2018-02-18,24,33,41,50,-9,66.0,239,10
24,Celta_Vigo,0,60.0,1.0,0.0,2018-02-19,24,32,41,37,4,63.0,239,11
24,Leganes,0,66.0,2.0,2.0,2018-02-16,23,29,20,25,-5,68.0,239,12
24,Real_Sociedad,3,40.0,4.0,4.0,2018-02-18,24,29,46,45,1,44.0,239,13
24,Athletic_Club,0,54.0,0.0,0.0,2018-02-18,24,28,24,27,-3,54.0,239,14
24,Alaves,1,78.0,3.0,3.0,2018-02-17,24,28,22,33,-11,81.0,239,15
24,Espanyol,1,62.0,1.0,1.0,2018-02-18,24,27,22,32,-10,63.0,239,16
24,Levante,0,67.0,2.0,2.0,2018-02-18,24,20,21,38,-17,69.0,239,17
24,Las_Palmas,1,53.0,1.0,0.0,2018-02-17,24,18,18,52,-34,56.0,239,18
24,Deportivo_La_Coruna,0,66.0,1.0,1.0,2018-02-17,24,17,24,53,-29,67.0,239,19
24,Malaga,1,65.0,6.0,4.0,2018-02-17,24,13,15,38,-23,75.0,239,20
16,Real_Madrid,3,49.0,4.0,2.0,2018-02-21,24,48,58,27,31,57.0,240,1
16,Leganes,1,69.0,2.0,2.0,2018-02-21,24,29,21,28,-7,71.0,240,2
25,Barcelona,6,42.0,0.0,0.0,2018-02-24,25,65,68,12,56,42.0,250,1
25,Atletico_Madrid,5,65.0,2.0,1.0,2018-02-25,25,58,41,11,30,69.0,250,2
25,Real_Madrid,4,50.0,4.0,2.0,2018-02-24,25,51,62,27,35,58.0,250,3
25,Valencia,2,81.0,4.0,4.0,2018-02-25,25,49,49,29,20,85.0,250,4
25,Villarreal,1,79.0,4.0,2.0,2018-02-25,25,41,36,29,7,87.0,250,5
25,Sevilla,2,62.0,1.0,0.0,2018-02-25,25,39,33,40,-7,65.0,250,6
25,Real_Betis,2,61.0,3.0,1.0,2018-02-26,25,36,43,50,-7,68.0,250,7
25,Celta_Vigo,2,62.0,1.0,0.0,2018-02-24,25,35,43,37,6,65.0,250,8
25,Eibar,0,49.0,3.0,2.0,2018-02-24,25,35,32,38,-6,54.0,250,9
25,Girona,1,71.0,0.0,0.0,2018-02-24,25,34,35,36,-1,71.0,250,10
25,Getafe,0,84.0,2.0,2.0,2018-02-25,25,33,29,22,7,86.0,250,11
25,Athletic_Club,2,57.0,0.0,0.0,2018-02-25,25,31,26,28,-2,57.0,250,12
25,Leganes,0,73.0,2.0,2.0,2018-02-24,25,30,21,28,-7,75.0,250,13
25,Real_Sociedad,1,43.0,4.0,4.0,2018-02-25,25,29,47,47,0,47.0,250,14
25,Alaves,0,80.0,3.0,3.0,2018-02-24,25,28,22,37,-15,83.0,250,15
25,Espanyol,0,63.0,1.0,1.0,2018-02-23,25,28,22,32,-10,64.0,250,16
25,Levante,0,72.0,2.0,2.0,2018-02-26,25,20,21,40,-19,74.0,250,17
25,Las_Palmas,0,58.0,1.0,0.0,2018-02-24,25,19,18,52,-34,61.0,250,18
25,Deportivo_La_Coruna,0,71.0,1.0,1.0,2018-02-23,25,18,24,53,-29,72.0,250,19
25,Malaga,1,68.0,7.0,5.0,2018-02-25,25,13,16,40,-24,79.0,250,20
26,Barcelona,1,45.0,0.0,0.0,2018-03-01,26,66,69,13,56,45.0,260,1
26,Atletico_Madrid,4,66.0,2.0,1.0,2018-02-28,26,61,45,11,34,70.0,260,2
26,Real_Madrid,0,51.0,4.0,2.0,2018-02-27,26,51,62,28,34,59.0,260,3
26,Valencia,1,83.0,4.0,4.0,2018-02-28,26,50,50,30,20,87.0,260,4
26,Sevilla,1,64.0,1.0,0.0,2018-02-28,26,42,34,40,-6,67.0,260,5
26,Villarreal,0,81.0,4.0,2.0,2018-02-28,26,41,36,30,6,89.0,260,6
26,Eibar,1,53.0,3.0,2.0,2018-02-28,26,38,33,38,-5,58.0,260,7
26,Girona,1,74.0,0.0,0.0,2018-02-27,26,37,36,36,0,74.0,260,8
26,Real_Betis,0,63.0,3.0,1.0,2018-03-01,26,37,43,50,-7,70.0,260,9
26,Getafe,3,86.0,2.0,2.0,2018-02-28,26,36,32,22,10,88.0,260,10
26,Celta_Vigo,0,64.0,1.0,0.0,2018-02-27,26,35,43,38,5,67.0,260,11
26,Athletic_Club,1,58.0,0.0,0.0,2018-02-28,26,32,27,29,-2,58.0,260,12
26,Alaves,1,84.0,4.0,4.0,2018-03-01,26,31,23,37,-14,88.0,260,13
26,Espanyol,1,64.0,1.0,1.0,2018-02-27,26,31,23,32,-9,65.0,260,14
26,Leganes,0,76.0,2.0,2.0,2018-02-28,26,30,21,32,-11,78.0,260,15
26,Real_Sociedad,0,43.0,4.0,4.0,2018-03-01,26,30,47,47,0,47.0,260,16
26,Levante,0,76.0,3.0,2.0,2018-03-01,26,20,21,41,-20,81.0,260,17
26,Las_Palmas,1,64.0,1.0,0.0,2018-03-01,26,20,19,53,-34,67.0,260,18
26,Deportivo_La_Coruna,0,75.0,1.0,1.0,2018-02-28,26,18,24,56,-32,76.0,260,19
26,Malaga,0,70.0,7.0,5.0,2018-02-28,26,13,16,41,-25,81.0,260,20
27,Barcelona,1,47.0,0.0,0.0,2018-03-04,27,69,70,13,57,47.0,270,1
27,Atletico_Madrid,0,68.0,2.0,1.0,2018-03-04,27,61,45,12,33,72.0,270,2
27,Real_Madrid,3,52.0,4.0,2.0,2018-03-03,27,54,65,29,36,60.0,270,3
27,Valencia,2,84.0,4.0,4.0,2018-03-04,27,53,52,30,22,88.0,270,4
27,Sevilla,2,66.0,1.0,0.0,2018-03-03,27,45,36,40,-4,69.0,270,5
27,Villarreal,0,85.0,4.0,2.0,2018-03-03,27,41,36,32,4,93.0,270,6
27,Girona,2,75.0,0.0,0.0,2018-03-03,27,40,38,36,2,75.0,270,7
27,Eibar,1,55.0,3.0,2.0,2018-03-03,27,39,34,39,-5,60.0,270,8
27,Celta_Vigo,2,65.0,1.0,0.0,2018-03-05,27,38,45,39,6,68.0,270,9
27,Real_Betis,0,67.0,3.0,1.0,2018-03-04,27,37,43,52,-9,74.0,270,10
27,Getafe,1,89.0,3.0,3.0,2018-03-03,27,36,33,25,8,92.0,270,11
27,Leganes,2,77.0,2.0,2.0,2018-03-03,27,33,23,32,-9,79.0,270,12
27,Real_Sociedad,2,43.0,4.0,4.0,2018-03-04,27,33,49,48,1,47.0,270,13
27,Athletic_Club,0,61.0,0.0,0.0,2018-03-03,27,32,27,31,-4,61.0,270,14
27,Espanyol,1,67.0,1.0,1.0,2018-03-04,27,32,24,33,-9,68.0,270,15
27,Alaves,1,85.0,4.0,4.0,2018-03-04,27,31,24,39,-15,89.0,270,16
27,Levante,1,76.0,3.0,2.0,2018-03-04,27,21,22,42,-20,81.0,270,17
27,Las_Palmas,1,66.0,1.0,0.0,2018-03-05,27,20,20,55,-35,69.0,270,18
27,Deportivo_La_Coruna,1,76.0,2.0,1.0,2018-03-03,27,19,25,57,-32,80.0,270,19
27,Malaga,0,71.0,7.0,5.0,2018-03-03,27,13,16,43,-27,82.0,270,20
28,Barcelona,2,48.0,0.0,0.0,2018-03-10,28,72,72,13,59,48.0,280,1
28,Atletico_Madrid,3,69.0,2.0,1.0,2018-03-11,28,64,48,12,36,73.0,280,2
28,Real_Madrid,2,53.0,4.0,2.0,2018-03-10,28,57,67,30,37,61.0,280,3
28,Valencia,2,86.0,4.0,4.0,2018-03-10,28,56,54,30,24,90.0,280,4
28,Sevilla,0,70.0,1.0,0.0,2018-03-10,28,45,36,42,-6,73.0,280,5
28,Villarreal,2,86.0,4.0,2.0,2018-03-11,28,44,38,32,6,94.0,280,6
28,Girona,2,76.0,0.0,0.0,2018-03-09,28,43,40,36,4,76.0,280,7
28,Real_Betis,3,69.0,3.0,1.0,2018-03-12,28,40,46,53,-7,76.0,280,8
28,Eibar,1,56.0,3.0,2.0,2018-03-10,28,39,35,41,-6,61.0,280,9
28,Celta_Vigo,0,67.0,1.0,0.0,2018-03-11,28,38,45,42,3,70.0,280,10
28,Getafe,0,94.0,3.0,3.0,2018-03-10,28,36,33,26,7,97.0,280,11
28,Athletic_Club,2,63.0,0.0,0.0,2018-03-11,28,35,29,31,-2,63.0,280,12
28,Espanyol,2,67.0,1.0,1.0,2018-03-11,28,35,26,34,-8,68.0,280,13
28,Leganes,0,82.0,2.0,2.0,2018-03-11,28,33,23,34,-11,84.0,280,14
28,Real_Sociedad,1,45.0,4.0,4.0,2018-03-11,28,33,50,50,0,49.0,280,15
28,Alaves,1,88.0,4.0,4.0,2018-03-12,28,31,25,42,-17,92.0,280,16
28,Levante,1,82.0,3.0,2.0,2018-03-10,28,24,23,42,-19,87.0,280,17
28,Las_Palmas,0,67.0,2.0,0.0,2018-03-11,28,20,20,57,-37,73.0,280,18
28,Deportivo_La_Coruna,0,80.0,2.0,1.0,2018-03-09,28,19,25,59,-34,84.0,280,19
28,Malaga,0,72.0,8.0,5.0,2018-03-10,28,13,16,45,-29,86.0,280,20
29,Barcelona,2,50.0,0.0,0.0,2018-03-18,29,75,74,13,61,50.0,290,1
29,Atletico_Madrid,1,72.0,3.0,1.0,2018-03-18,29,64,49,14,35,79.0,290,2
29,Real_Madrid,6,54.0,4.0,2.0,2018-03-18,29,60,73,33,40,62.0,290,3
29,Valencia,3,87.0,4.0,4.0,2018-03-17,29,59,57,31,26,91.0,290,4
29,Villarreal,2,91.0,4.0,2.0,2018-03-18,29,47,40,33,7,99.0,290,5
29,Sevilla,1,74.0,2.0,1.0,2018-03-18,29,45,37,44,-7,78.0,290,6
29,Girona,3,78.0,0.0,0.0,2018-03-18,29,43,43,42,1,78.0,290,7
29,Real_Betis,3,70.0,3.0,1.0,2018-03-17,29,43,49,53,-4,77.0,290,8
29,Celta_Vigo,0,70.0,1.0,0.0,2018-03-18,29,39,45,42,3,73.0,290,9
29,Getafe,2,101.0,3.0,3.0,2018-03-17,29,39,35,27,8,104.0,290,10
29,Eibar,1,59.0,3.0,2.0,2018-03-16,29,39,36,43,-7,64.0,290,11
29,Leganes,2,84.0,2.0,2.0,2018-03-18,29,36,25,35,-10,86.0,290,12
29,Athletic_Club,0,65.0,0.0,0.0,2018-03-18,29,35,29,33,-4,65.0,290,13
29,Espanyol,0,70.0,1.0,1.0,2018-03-17,29,35,26,37,-11,71.0,290,14
29,Real_Sociedad,1,48.0,4.0,4.0,2018-03-17,29,33,51,52,-1,52.0,290,15
29,Alaves,1,89.0,4.0,4.0,2018-03-17,29,31,26,45,-19,93.0,290,16
29,Levante,2,86.0,3.0,2.0,2018-03-16,29,27,25,43,-18,91.0,290,17
29,Las_Palmas,1,70.0,2.0,0.0,2018-03-17,29,21,21,58,-37,76.0,290,18
29,Deportivo_La_Coruna,1,83.0,2.0,1.0,2018-03-17,29,20,26,60,-34,87.0,290,19
29,Malaga,0,74.0,8.0,5.0,2018-03-18,29,14,16,45,-29,88.0,290,20
30,Barcelona,2,50.0,0.0,0.0,2018-03-31,30,76,76,15,61,50.0,300,1
30,Atletico_Madrid,1,74.0,3.0,1.0,2018-04-01,30,67,50,14,36,81.0,300,2
30,Real_Madrid,3,54.0,4.0,2.0,2018-03-31,30,63,76,33,43,62.0,300,3
30,Valencia,1,91.0,4.0,4.0,2018-04-01,30,62,58,31,27,95.0,300,4
30,Villarreal,0,94.0,4.0,2.0,2018-04-01,30,47,40,34,6,102.0,300,5
30,Real_Betis,1,72.0,3.0,1.0,2018-04-02,30,46,50,53,-3,79.0,300,6
30,Sevilla,2,76.0,2.0,1.0,2018-03-31,30,46,39,46,-7,80.0,300,7
30,Girona,1,79.0,0.0,0.0,2018-03-31,30,44,44,43,1,79.0,300,8
30,Celta_Vigo,1,71.0,1.0,0.0,2018-03-31,30,40,46,43,3,74.0,300,9
30,Eibar,0,63.0,3.0,2.0,2018-04-01,30,40,36,43,-7,68.0,300,10
30,Getafe,0,105.0,3.0,3.0,2018-04-02,30,39,35,28,7,108.0,300,11
30,Leganes,0,87.0,2.0,2.0,2018-04-01,30,36,25,36,-11,89.0,300,12
30,Athletic_Club,1,68.0,0.0,0.0,2018-03-31,30,36,30,34,-4,68.0,300,13
30,Espanyol,0,73.0,1.0,1.0,2018-04-01,30,36,26,37,-11,74.0,300,14
30,Real_Sociedad,0,50.0,4.0,4.0,2018-04-01,30,34,51,52,-1,54.0,300,15
30,Alaves,0,91.0,4.0,4.0,2018-04-01,30,32,26,45,-19,95.0,300,16
30,Levante,1,89.0,3.0,2.0,2018-03-31,30,28,26,44,-18,94.0,300,17
30,Las_Palmas,0,73.0,2.0,0.0,2018-03-31,30,21,21,61,-40,79.0,300,18
30,Deportivo_La_Coruna,0,86.0,2.0,1.0,2018-04-01,30,20,26,61,-35,90.0,300,19
30,Malaga,1,76.0,8.0,5.0,2018-04-01,30,17,17,45,-28,90.0,300,20
31,Barcelona,3,52.0,0.0,0.0,2018-04-07,31,79,79,16,63,52.0,310,1
31,Atletico_Madrid,1,77.0,3.0,1.0,2018-04-08,31,68,51,15,36,84.0,310,2
31,Valencia,1,94.0,4.0,4.0,2018-04-08,31,65,59,31,28,98.0,310,3
31,Real_Madrid,1,56.0,4.0,2.0,2018-04-08,31,64,77,34,43,64.0,310,4
31,Real_Betis,2,74.0,3.0,1.0,2018-04-07,31,49,52,53,-1,81.0,310,5
31,Villarreal,1,99.0,5.0,3.0,2018-04-09,31,47,41,37,4,108.0,310,6
31,Sevilla,0,78.0,2.0,1.0,2018-04-07,31,46,39,50,-11,82.0,310,7
31,Girona,0,81.0,0.0,0.0,2018-04-08,31,44,44,48,-4,81.0,310,8
31,Celta_Vigo,4,72.0,1.0,0.0,2018-04-07,31,43,50,43,7,75.0,310,9
31,Eibar,0,65.0,3.0,2.0,2018-04-07,31,40,36,45,-9,70.0,310,10
31,Getafe,0,108.0,3.0,3.0,2018-04-07,31,39,35,30,5,111.0,310,11
31,Athletic_Club,3,73.0,0.0,0.0,2018-04-09,31,39,33,35,-2,73.0,310,12
31,Real_Sociedad,5,52.0,4.0,4.0,2018-04-08,31,37,56,52,4,56.0,310,13
31,Leganes,1,91.0,2.0,2.0,2018-04-07,31,36,26,39,-13,93.0,310,14
31,Espanyol,0,75.0,1.0,1.0,2018-04-08,31,36,26,38,-12,76.0,310,15
31,Alaves,2,93.0,4.0,4.0,2018-04-07,31,35,28,45,-17,97.0,310,16
31,Levante,2,95.0,4.0,3.0,2018-04-08,31,31,28,45,-17,101.0,310,17
31,Deportivo_La_Coruna,3,90.0,2.0,1.0,2018-04-06,31,23,29,63,-34,94.0,310,18
31,Las_Palmas,1,76.0,2.0,0.0,2018-04-08,31,21,22,63,-41,82.0,310,19
31,Malaga,2,79.0,8.0,5.0,2018-04-06,31,17,19,48,-29,93.0,310,20
32,Barcelona,2,54.0,0.0,0.0,2018-04-14,32,82,81,17,64,54.0,320,1
32,Atletico_Madrid,3,79.0,3.0,1.0,2018-04-15,32,71,54,15,39,86.0,320,2
32,Real_Madrid,2,56.0,4.0,2.0,2018-04-15,32,67,79,35,44,64.0,320,3
32,Valencia,1,96.0,4.0,4.0,2018-04-14,32,65,60,33,27,100.0,320,4
32,Real_Betis,1,79.0,3.0,1.0,2018-04-13,32,52,53,53,0,86.0,320,5
32,Villarreal,2,102.0,6.0,4.0,2018-04-14,32,48,43,39,4,112.0,320,6
32,Sevilla,2,83.0,3.0,2.0,2018-04-14,32,47,41,52,-11,88.0,320,7
32,Girona,0,87.0,0.0,0.0,2018-04-13,32,44,44,49,-5,87.0,320,8
32,Celta_Vigo,0,75.0,1.0,0.0,2018-04-14,32,43,50,44,6,78.0,320,9
32,Getafe,1,114.0,4.0,4.0,2018-04-15,32,42,36,30,6,118.0,320,10
32,Real_Sociedad,1,54.0,4.0,4.0,2018-04-14,32,40,57,52,5,58.0,320,11
32,Eibar,0,67.0,3.0,2.0,2018-04-15,32,40,36,46,-10,72.0,320,12
32,Athletic_Club,2,75.0,0.0,0.0,2018-04-14,32,39,35,38,-3,75.0,320,13
32,Leganes,1,94.0,2.0,2.0,2018-04-14,32,39,27,39,-12,96.0,320,14
32,Alaves,1,94.0,4.0,4.0,2018-04-15,32,38,29,45,-16,98.0,320,15
32,Espanyol,0,77.0,1.0,1.0,2018-04-15,32,36,26,39,-13,78.0,320,16
32,Levante,0,96.0,4.0,3.0,2018-04-15,32,31,28,48,-20,102.0,320,17
32,Deportivo_La_Coruna,3,91.0,2.0,1.0,2018-04-14,32,26,32,65,-33,95.0,320,18
32,Las_Palmas,0,76.0,2.0,0.0,2018-04-14,32,21,22,64,-42,82.0,320,19
32,Malaga,1,83.0,8.0,5.0,2018-04-15,32,17,20,50,-30,97.0,320,20
33,Barcelona,2,54.0,1.0,0.0,2018-04-17,33,83,83,19,64,57.0,330,1
33,Atletico_Madrid,0,79.0,3.0,1.0,2018-04-19,33,71,54,18,36,86.0,330,2
33,Real_Madrid,1,58.0,4.0,2.0,2018-04-18,33,68,80,36,44,66.0,330,3
33,Valencia,1,97.0,5.0,4.0,2018-04-18,33,65,61,35,26,104.0,330,4
33,Real_Betis,1,82.0,3.0,1.0,2018-04-19,33,55,54,53,1,89.0,330,5
33,Villarreal,2,103.0,6.0,4.0,2018-04-17,33,51,45,40,5,113.0,330,6
33,Sevilla,0,85.0,3.0,2.0,2018-04-17,33,48,41,52,-11,90.0,330,7
33,Girona,2,91.0,0.0,0.0,2018-04-19,33,47,46,50,-4,91.0,330,8
33,Getafe,2,121.0,4.0,4.0,2018-04-18,33,45,38,31,7,125.0,330,9
33,Celta_Vigo,2,78.0,1.0,0.0,2018-04-17,33,44,52,46,6,81.0,330,10
33,Real_Sociedad,3,55.0,4.0,4.0,2018-04-19,33,43,60,52,8,59.0,330,11
33,Eibar,1,69.0,3.0,2.0,2018-04-18,33,43,37,46,-9,74.0,330,12
33,Athletic_Club,1,79.0,0.0,0.0,2018-04-18,33,40,36,39,-3,79.0,330,13
33,Leganes,1,95.0,2.0,2.0,2018-04-17,33,39,28,41,-13,97.0,330,14
33,Alaves,1,98.0,4.0,4.0,2018-04-19,33,38,30,47,-17,102.0,330,15
33,Espanyol,0,80.0,1.0,1.0,2018-04-18,33,36,26,40,-14,81.0,330,16
33,Levante,1,97.0,4.0,3.0,2018-04-19,33,34,29,48,-19,103.0,330,17
33,Deportivo_La_Coruna,0,91.0,2.0,1.0,2018-04-17,33,27,32,65,-33,95.0,330,18
33,Las_Palmas,0,81.0,3.0,1.0,2018-04-19,33,21,22,65,-43,88.0,330,19
33,Malaga,0,84.0,8.0,5.0,2018-04-19,33,17,20,51,-31,98.0,330,20
34,Atletico_Madrid,0,81.0,3.0,1.0,2018-04-22,34,72,54,18,36,88.0,338,1
34,Valencia,1,99.0,5.0,4.0,2018-04-21,34,66,62,36,26,106.0,338,2
34,Real_Betis,0,87.0,3.0,1.0,2018-04-22,34,56,54,53,1,94.0,338,3
34,Getafe,1,122.0,4.0,4.0,2018-04-21,34,48,39,31,8,126.0,338,4
34,Girona,0,92.0,0.0,0.0,2018-04-22,34,47,46,52,-6,92.0,338,5
34,Celta_Vigo,1,79.0,1.0,0.0,2018-04-21,34,45,53,47,6,82.0,338,6
34,Real_Sociedad,0,56.0,4.0,4.0,2018-04-22,34,43,60,54,6,60.0,338,7
34,Eibar,0,73.0,3.0,2.0,2018-04-21,34,43,37,47,-10,78.0,338,8
34,Alaves,4,100.0,4.0,4.0,2018-04-22,34,41,34,47,-13,104.0,338,9
34,Athletic_Club,1,82.0,0.0,0.0,2018-04-23,34,40,37,42,-5,82.0,338,10
34,Leganes,0,95.0,2.0,2.0,2018-04-20,34,40,28,41,-13,97.0,338,11
34,Espanyol,2,82.0,1.0,1.0,2018-04-22,34,39,28,40,-12,83.0,338,12
34,Levante,3,100.0,4.0,3.0,2018-04-23,34,37,32,49,-17,106.0,338,13
34,Deportivo_La_Coruna,0,93.0,2.0,1.0,2018-04-20,34,28,32,65,-33,97.0,338,14
34,Las_Palmas,0,83.0,3.0,1.0,2018-04-22,34,21,22,69,-47,90.0,338,15
34,Malaga,2,88.0,8.0,5.0,2018-04-22,34,20,22,51,-29,102.0,338,16
35,Barcelona,4,55.0,1.0,0.0,2018-04-29,34,86,87,21,66,58.0,348,1
35,Atletico_Madrid,1,87.0,4.0,2.0,2018-04-29,35,75,55,18,37,95.0,348,2
35,Real_Madrid,2,58.0,4.0,2.0,2018-04-28,34,71,82,37,45,66.0,348,3
35,Valencia,0,101.0,5.0,4.0,2018-04-29,35,67,62,36,26,108.0,348,4
35,Real_Betis,2,88.0,3.0,1.0,2018-04-30,35,59,56,54,2,95.0,348,5
35,Villarreal,4,105.0,6.0,4.0,2018-04-28,34,54,49,41,8,115.0,348,6
35,Getafe,1,128.0,5.0,4.0,2018-04-29,35,49,40,32,8,135.0,348,7
35,Sevilla,1,86.0,3.0,2.0,2018-04-27,34,48,42,54,-12,91.0,348,8
35,Girona,1,96.0,0.0,0.0,2018-04-29,35,48,47,53,-6,96.0,348,9
35,Real_Sociedad,3,59.0,5.0,4.0,2018-04-28,35,46,63,55,8,66.0,348,10
35,Celta_Vigo,1,79.0,1.0,0.0,2018-04-28,35,45,54,51,3,82.0,348,11
35,Eibar,0,76.0,3.0,2.0,2018-04-29,35,44,37,47,-10,81.0,348,12
35,Alaves,0,104.0,4.0,4.0,2018-04-29,35,41,34,48,-14,108.0,348,13
35,Leganes,1,96.0,3.0,2.0,2018-04-28,35,40,29,43,-14,101.0,348,14
35,Athletic_Club,1,88.0,0.0,0.0,2018-04-28,35,40,38,45,-7,88.0,348,15
35,Levante,2,101.0,4.0,3.0,2018-04-27,35,40,34,50,-16,107.0,348,16
35,Espanyol,1,84.0,1.0,1.0,2018-04-28,35,40,29,41,-12,85.0,348,17
35,Deportivo_La_Coruna,2,94.0,2.0,1.0,2018-04-29,35,28,34,69,-35,98.0,348,18
35,Las_Palmas,1,87.0,3.0,1.0,2018-04-28,35,22,23,70,-47,94.0,348,19
35,Malaga,1,92.0,8.0,5.0,2018-04-30,35,20,23,53,-30,106.0,348,20
36,Barcelona,2,58.0,2.0,0.0,2018-05-06,35,87,89,23,66,64.0,358,1
36,Atletico_Madrid,0,88.0,4.0,2.0,2018-05-06,36,75,55,20,35,96.0,358,2
36,Real_Madrid,2,63.0,4.0,2.0,2018-05-06,35,72,84,39,45,71.0,358,3
36,Valencia,0,104.0,5.0,4.0,2018-05-05,36,67,62,37,25,111.0,358,4
36,Real_Betis,0,90.0,3.0,1.0,2018-05-05,36,59,56,56,0,97.0,358,5
36,Villarreal,1,110.0,6.0,4.0,2018-05-05,35,57,50,41,9,120.0,358,6
36,Getafe,1,130.0,5.0,4.0,2018-05-06,36,52,41,32,9,137.0,358,7
36,Sevilla,1,90.0,3.0,2.0,2018-05-04,35,51,43,54,-11,95.0,358,8
36,Girona,1,98.0,0.0,0.0,2018-05-05,36,48,48,57,-9,98.0,358,9
36,Eibar,4,81.0,3.0,2.0,2018-05-05,36,47,41,48,-7,86.0,358,10
36,Real_Sociedad,0,61.0,5.0,4.0,2018-05-04,36,46,63,56,7,68.0,358,11
36,Celta_Vigo,1,83.0,1.0,0.0,2018-05-05,36,46,55,52,3,86.0,358,12
36,Alaves,3,105.0,4.0,4.0,2018-05-06,36,44,37,48,-11,109.0,358,13
36,Levante,3,102.0,4.0,3.0,2018-05-07,36,43,37,50,-13,108.0,358,14
36,Athletic_Club,2,88.0,0.0,0.0,2018-05-05,36,43,40,45,-5,88.0,358,15
36,Espanyol,2,87.0,1.0,1.0,2018-05-06,36,43,31,41,-10,88.0,358,16
36,Leganes,0,101.0,4.0,2.0,2018-05-07,36,40,29,46,-17,109.0,358,17
36,Deportivo_La_Coruna,1,96.0,2.0,1.0,2018-05-05,36,29,35,70,-35,100.0,358,18
36,Las_Palmas,0,87.0,3.0,1.0,2018-05-06,36,22,23,71,-48,94.0,358,19
36,Malaga,0,94.0,8.0,5.0,2018-05-06,36,20,23,56,-33,108.0,358,20
34,Barcelona,5,58.0,2.0,0.0,2018-05-09,36,90,94,24,70,64.0,360,1
34,Real_Madrid,2,64.0,4.0,2.0,2018-05-09,36,72,86,42,44,72.0,360,2
34,Villarreal,1,113.0,6.0,4.0,2018-05-09,36,57,51,46,5,123.0,360,3
34,Sevilla,3,93.0,3.0,2.0,2018-05-09,36,54,46,56,-10,98.0,360,4
37,Barcelona,4,64.0,2.0,0.0,2018-05-13,37,90,98,29,69,70.0,370,1
37,Atletico_Madrid,1,90.0,4.0,2.0,2018-05-12,37,78,56,20,36,98.0,370,2
37,Real_Madrid,6,64.0,4.0,2.0,2018-05-12,37,75,92,42,50,72.0,370,3
37,Valencia,1,107.0,5.0,4.0,2018-05-12,37,70,63,37,26,114.0,370,4
37,Villarreal,4,113.0,6.0,4.0,2018-05-12,37,60,55,48,7,123.0,370,5
37,Real_Betis,2,91.0,3.0,1.0,2018-05-12,37,60,58,58,0,98.0,370,6
37,Sevilla,2,97.0,3.0,2.0,2018-05-12,37,55,48,58,-10,102.0,370,7
37,Getafe,0,133.0,5.0,4.0,2018-05-12,37,52,41,33,8,140.0,370,8
37,Eibar,1,84.0,3.0,2.0,2018-05-12,37,50,42,48,-6,89.0,370,9
37,Real_Sociedad,3,62.0,5.0,4.0,2018-05-12,37,49,66,58,8,69.0,370,10
37,Girona,0,99.0,0.0,0.0,2018-05-12,37,48,48,58,-10,99.0,370,11
37,Alaves,3,107.0,4.0,4.0,2018-05-12,37,47,40,49,-9,111.0,370,12
37,Espanyol,4,87.0,1.0,1.0,2018-05-13,37,46,35,42,-7,88.0,370,13
37,Celta_Vigo,0,84.0,1.0,0.0,2018-05-12,37,46,55,58,-3,87.0,370,14
37,Levante,5,108.0,4.0,3.0,2018-05-13,37,46,42,54,-12,114.0,370,15
37,Athletic_Club,1,93.0,0.0,0.0,2018-05-12,37,43,41,48,-7,93.0,370,16
37,Leganes,2,103.0,4.0,2.0,2018-05-12,37,40,31,49,-18,111.0,370,17
37,Deportivo_La_Coruna,2,99.0,2.0,1.0,2018-05-12,37,29,37,74,-37,103.0,370,18
37,Las_Palmas,0,88.0,3.0,1.0,2018-05-12,37,22,23,72,-49,95.0,370,19
37,Malaga,1,96.0,8.0,5.0,2018-05-13,37,20,24,60,-36,110.0,370,20
38,Barcelona,1,67.0,2.0,0.0,2018-05-20,38,93,99,29,70,73.0,379,1
38,Atletico_Madrid,2,96.0,5.0,3.0,2018-05-20,38,79,58,22,36,105.0,379,2
38,Real_Madrid,2,67.0,4.0,2.0,2018-05-19,38,76,94,44,50,75.0,379,3
38,Valencia,2,107.0,5.0,4.0,2018-05-20,38,73,65,38,27,114.0,379,4
38,Villarreal,2,117.0,6.0,4.0,2018-05-19,38,61,57,50,7,127.0,379,5
38,Real_Betis,2,91.0,3.0,1.0,2018-05-19,38,60,60,61,-1,98.0,379,6
38,Sevilla,1,99.0,3.0,2.0,2018-05-19,38,58,49,58,-9,104.0,379,7
38,Getafe,1,134.0,5.0,4.0,2018-05-19,38,55,42,33,9,141.0,379,8
38,Eibar,2,86.0,3.0,2.0,2018-05-20,38,51,44,50,-6,91.0,379,9
38,Girona,2,101.0,0.0,0.0,2018-05-19,38,51,50,59,-9,101.0,379,10
38,Espanyol,1,88.0,1.0,1.0,2018-05-20,38,49,36,42,-6,89.0,379,11
38,Real_Sociedad,0,64.0,5.0,4.0,2018-05-20,38,49,66,59,7,71.0,379,12
38,Celta_Vigo,4,85.0,1.0,0.0,2018-05-19,38,49,59,60,-1,88.0,379,13
38,Alaves,0,109.0,4.0,4.0,2018-05-19,38,47,40,50,-10,113.0,379,14
38,Levante,2,110.0,4.0,3.0,2018-05-19,38,46,44,58,-14,116.0,379,15
38,Athletic_Club,0,93.0,0.0,0.0,2018-05-20,38,43,41,49,-8,93.0,379,16
38,Leganes,3,105.0,5.0,3.0,2018-05-19,38,43,34,51,-17,114.0,379,17
38,Deportivo_La_Coruna,1,99.0,2.0,1.0,2018-05-20,38,29,38,76,-38,103.0,379,18
38,Las_Palmas,1,89.0,3.0,1.0,2018-05-19,38,22,24,74,-50,96.0,379,19
38,Malaga,0,100.0,8.0,5.0,2018-05-19,38,20,24,61,-37,114.0,379,20
